,Metrics,Metrics
,Accuracy,F1-Score
Models,,
KNN,0.9704780788719982,0.970477836705246
Logistic Regression,0.8889623265036352,0.8889136647803753
SVM,0.9698171403392818,0.9698091158221969
Random Forest,0.9797312183300286,0.9797230681977096
XGBoost,0.9825952853051333,0.9825916046405104
CNN,0.9709187045604759,0.9709080166829231
